vod_id,title,channel,date,download_date,url
2382563562,(VOD) GatorLAN Spring 2025 Most of dubs,gnvtournaments,20250216,2025-03-08 20:34:34,https://www.twitch.tv/videos/2382563562
2384255661,Chill night Smash into honkai star rail,mkleossb,20250218,2025-03-08 20:35:51,https://www.twitch.tv/videos/2384255661
2384279447,Chill night Smash into honkai star rail,mkleossb,20250218,2025-03-08 20:44:29,https://www.twitch.tv/videos/2384279447
2382564108,(VOD) GatorLAN Spring 2025 Singles and end of dubs,gnvtournaments,20250216,2025-03-08 20:59:29,https://www.twitch.tv/videos/2382564108
2385888696,Chill night smash practice!,mkleossb,20250220,2025-03-08 21:03:53,https://www.twitch.tv/videos/2385888696
2387007561,Chill night smash practice!,mkleossb,20250221,2025-03-08 21:05:26,https://www.twitch.tv/videos/2387007561
2387019241,Chill night smash practice!,mkleossb,20250221,2025-03-08 21:06:25,https://www.twitch.tv/videos/2387019241
2386830964,Chill night smash practice!,mkleossb,20250221,2025-03-08 21:13:51,https://www.twitch.tv/videos/2386830964
2387826981,Chill night smash practice! Byleth Elite win streak,mkleossb,20250222,2025-03-08 21:17:32,https://www.twitch.tv/videos/2387826981
2394202067,"Chad Saga Fast Edition 2 ft Sisqui, Raflow, M.Popo, Eko ...",team_vegacy,20250301,2025-03-08 21:19:19,https://www.twitch.tv/videos/2394202067
2389197655,"Gamescom watch party! FT Spargo, glutonny, crepe, raflow, bigboss, supehsemmie and more!",mkleossb,20250223,2025-03-08 21:24:43,https://www.twitch.tv/videos/2389197655
2396518876,"Joker,Byleth and aegis main anyone else is for fun",mkleossb,20250304,2025-03-08 21:37:05,https://www.twitch.tv/videos/2396518876
2390282357,100 Byleth win streak!!!,mkleossb,20250224,2025-03-08 21:37:53,https://www.twitch.tv/videos/2390282357
2397195648,Early and short stream! chilling,mkleossb,20250304,2025-03-08 21:42:28,https://www.twitch.tv/videos/2397195648
2395535711,Luminosity Madness/Watch party,mkleossb,20250302,2025-03-08 21:49:36,https://www.twitch.tv/videos/2395535711
2399710800,Subscribe to give me a smash challeng! Variety after,mkleossb,20250307,2025-03-08 21:56:16,https://www.twitch.tv/videos/2399710800
2398122860,Hungry Games run! 1k online tourney,mkleossb,20250305,2025-03-08 22:02:24,https://www.twitch.tv/videos/2398122860
2398333319,SMASH 2025 TIER LIST,Light_S21,20250306,2025-03-08 22:05:49,https://www.twitch.tv/videos/2398333319
2399207677,Cavalier Clash Review,Light_S21,20250307,2025-03-08 22:07:57,https://www.twitch.tv/videos/2399207677
2398035722,Rivals grind road to #1,Sparg0,20250305,2025-03-08 22:16:46,https://www.twitch.tv/videos/2398035722
